INSERT INTO DRZAVA VALUES ('SRB', 'SRBIJA');
INSERT INTO DRZAVA VALUES ('JPN', 'JAPAN');
INSERT INTO DRZAVA VALUES ('NEM', 'NEMACKA');

INSERT INTO NASELJENO_MESTO VALUES ('SRB', 'NS', 'NOVI_SAD');
INSERT INTO NASELJENO_MESTO VALUES ('SRB', 'SU', 'SUBOTICA');
INSERT INTO NASELJENO_MESTO VALUES ('NEM', 'FR', 'FRANKFURT');
INSERT INTO NASELJENO_MESTO VALUES ('JPN', 'YO', 'YOKOHAMA');

INSERT INTO PREDUZECE VALUES ('FID123456352', 'SRB', 'SU', 'FIDELINKA');
INSERT INTO PREDUZECE VALUES ('TOY123456352', 'JPN', 'YO', 'TOYOTA');
INSERT INTO PREDUZECE VALUES ('WCH123456352', 'SRB', 'NS', 'WULE CHINA');
INSERT INTO PREDUZECE VALUES ('GUS123456352', 'SRB', 'NS', 'GUSAN');
INSERT INTO PREDUZECE VALUES ('MIT123456352', 'JPN', 'YO', 'MITSUBISHI');

INSERT INTO TIP_OBJEKTA VALUES ('M','MAGACIN');
INSERT INTO TIP_OBJEKTA VALUES ('S','SEKTOR');

INSERT INTO POSLOVNI_OBJEKAT VALUES ('MIT123456352', 'MIT123MAG321', 'JPN', 'YO', 'M', 'MITSUBISHI_MAGACIN');
INSERT INTO POSLOVNI_OBJEKAT VALUES ('MIT123456352', 'MIT234MAGG23', 'JPN', 'YO', 'M', 'MITSUBISHI_MAGACIN2');
INSERT INTO POSLOVNI_OBJEKAT VALUES ('FID123456352', 'FID312MAG321', 'SRB', 'SU', 'M', 'FIDELINKA_MAGACIN');
INSERT INTO POSLOVNI_OBJEKAT VALUES ('WCH123456352', 'WCH123MAG321', 'SRB', 'NS', 'S', 'WULE_CHINA_SEKTOR');
INSERT INTO POSLOVNI_OBJEKAT VALUES ('GUS123456352', 'GUS123MAG321', 'SRB', 'NS', 'M', 'GUSAN_MAGACIN');
INSERT INTO POSLOVNI_OBJEKAT VALUES ('TOY123456352', 'TOY323MAG329', 'JPN', 'YO', 'S', 'TOYOTA_SEKTOR');

INSERT INTO ZAPOSLENI VALUES ('FID123456352', '0001', 'ZLATKOVIC', 'ZLATKO', 'ZLATKO', 1);
INSERT INTO ZAPOSLENI VALUES ('MIT123456352', '1000', 'VLATKOVIC', 'VLATKO', 'VLATKO', 1);
INSERT INTO ZAPOSLENI VALUES ('TOY123456352', '0010', 'MLATKOVIC', 'MLATKO', 'MLATKO', 0);
INSERT INTO ZAPOSLENI VALUES ('WCH123456352', '7001', 'BLATKOVIC', 'BLATKO', 'BLATKO', 0);
INSERT INTO ZAPOSLENI VALUES ('FID123456352', '0002', 'RATKOVIC', 'RATKO', 'RATKO', 0);

INSERT INTO POSLOVNI_PARTNER VALUES ('FID123456352', 'IMLK09324432', 'D', 'IMLEK');
INSERT INTO POSLOVNI_PARTNER VALUES ('FID123456352', 'BMRK09324432', 'K', 'B_MARKET');
INSERT INTO POSLOVNI_PARTNER VALUES ('TOY123456352', 'YTIRE0932443', 'D', 'JAPAN TIRE');
INSERT INTO POSLOVNI_PARTNER VALUES ('WCH123456352', 'CHIK09324432', 'D', 'PLASTIKARA NS');
INSERT INTO POSLOVNI_PARTNER VALUES ('GUS123456352', 'PIVJ09324432', 'D', 'JELEN');
INSERT INTO POSLOVNI_PARTNER VALUES ('GUS123456352', 'PIVL09324432', 'D', 'LAV');
INSERT INTO POSLOVNI_PARTNER VALUES ('MIT123456352', 'JPGL09324432', 'D', 'JAPAN GLASS');
INSERT INTO POSLOVNI_PARTNER VALUES ('MIT123456352', 'YTIRE3123112', 'D', 'JPN TIRE');

INSERT INTO POSLOVNA_GODINA VALUES ('FID123456352', 2011, 1);
INSERT INTO POSLOVNA_GODINA VALUES ('FID123456352', 2012, 0);
INSERT INTO POSLOVNA_GODINA VALUES ('TOY123456352', 2012, 0);
INSERT INTO POSLOVNA_GODINA VALUES ('WCH123456352', 2012, 0);
INSERT INTO POSLOVNA_GODINA VALUES ('GUS123456352', 2012, 0);
INSERT INTO POSLOVNA_GODINA VALUES ('MIT123456352', 2012, 0);

INSERT INTO MERNA_JEDINICA VALUES ('G001', 'GRAM', 'G');
INSERT INTO MERNA_JEDINICA VALUES ('KG002', 'KILOGRAM', 'KG');
INSERT INTO MERNA_JEDINICA VALUES ('LT012', 'LITAR', 'L');
INSERT INTO MERNA_JEDINICA VALUES ('T0033', 'TONA', 'T');
INSERT INTO MERNA_JEDINICA VALUES ('KMD01', 'KOMAD', 'K');

INSERT INTO ARTIKAL VALUES ('FID123456352', 'BRSN', 'KG002', 'BRASNO', 10);
INSERT INTO ARTIKAL VALUES ('TOY123456352', 'GUME', 'KMD01', 'GUME', 20);
INSERT INTO ARTIKAL VALUES ('GUS123456352', 'PIVO', 'LT012', 'PIVO', 100);
INSERT INTO ARTIKAL VALUES ('MIT123456352', 'BENZ', 'LT012', 'GORIVO', 150);
INSERT INTO ARTIKAL VALUES ('WCH123456352', 'RKT0', 'KMD01', 'PLASTICNI REKET', 10);

INSERT INTO PROMETNI_DOKUMENT VALUES ('FID123456352', 2012, 12318, 'FID312MAG321', NULL, 'IMLK09324432', 'PR', '2012-12-12', NULL, 'p');
INSERT INTO PROMETNI_DOKUMENT VALUES ('TOY123456352', 2012, 12312, 'TOY323MAG329', NULL, 'YTIRE0932443', 'PR', '2012-12-12', NULL, 'f');
INSERT INTO PROMETNI_DOKUMENT VALUES ('GUS123456352', 2012, 12313, 'GUS123MAG321', NULL, 'PIVJ09324432', 'PR', '2012-12-12', NULL, 'f');
INSERT INTO PROMETNI_DOKUMENT VALUES ('MIT123456352', 2012, 12523, 'MIT123MAG321','MIT234MAGG23', NULL, 'MM', '2012-12-12', NULL, 'f');

INSERT INTO STAVKA_PROMETNOG_DOKUMENTA VALUES ('GUS123456352', 2012, 12313, 1, 'PIVO', 4, 5000, 20000);